Balance_Category,Proportion
High,0.6443776609065865
Moderate,0.3509892311545204
Low,0.004633107938893063
